{
    "name": "NSFW Detector",
    "id": "NSFWDetector",
    "version": "1.0.1",
    "description": "An AI that will detect inappropriate images and videos and blurs it out or removes it. Also removes bad words.",
    "author": "Gavin",
    "date": "2025-12-20",
    "license": "GPL3",
    "requires": {
        "flatboard": ">=5.0.0"
    },
    "hooks": [],
    "active": "0",
    "cantDisable": "0",
    "class": "App\\Plugins\\NSFWDetector\\NSFWDetector",
    "plugin": {
        "switch_block_nudity": "1",
        "switch_block_drugs": "1",
        "switch_block_minors": "1",
        "switch_block_weapons": "1",
        "switch_block_sa_dv": "1",
        "switch_block_sa_toys": "1",
        "switch_enable_filter_words": "1",
        "textarea_forbidden_words_list": [
            "damn",
            "hell",
            "crap",
            "piss",
            "bastard",
            "ass",
            "bitch",
            "shit",
            "fuck",
            "dick",
            "cock",
            "pussy",
            "asshole",
            "motherfucker",
            "cunt",
            "whore",
            "slut",
            "fag",
            "faggot",
            "retard",
            "nigger",
            "nigga",
            "chink",
            "spic",
            "kike",
            "wetback",
            "gook",
            "dyke",
            "tranny",
            "prick",
            "bollocks",
            "wanker",
            "twat",
            "tosser",
            "bugger",
            "arse",
            "shag",
            "bloody",
            "git",
            "sod",
            "slag",
            "minge",
            "bellend",
            "knob",
            "prat",
            "pillock",
            "plonker",
            "numpty",
            "muppet",
            "daft",
            "dumbass",
            "jackass",
            "douche",
            "douchebag",
            "tits",
            "boobs",
            "titties",
            "hooker",
            "prostitute",
            "pimp",
            "rape",
            "rapist",
            "molest",
            "pedophile",
            "pedo",
            "nazi",
            "hitler",
            "terrorist",
            "jihad",
            "suicide",
            "kill",
            "murder",
            "死ね",
            "puta",
            "mierda",
            "pendejo",
            "cabrón",
            "coño",
            "joder",
            "porra",
            "merda",
            "caralho",
            "puto",
            "scheisse",
            "arschloch",
            "fotze",
            "schlampe",
            "merde",
            "putain",
            "connard",
            "salope",
            "bordel",
            "coglione",
            "stronzo",
            "cazzo",
            "puttana",
            "vaffanculo",
            "blyat",
            "suka",
            "debil"
        ],
        "text_forbidden_word_replace": "*"
    }
}