{
    "name": "Spring",
    "description": "Get a good spring theme look to your website",
    "version": "5.0.0",
    "author": "Gavin",
    "author_url": "https://flatboard.org",
    "author_email": "contact@flatboard.com",
    "screenshot": "screenshot.png",
    "logo_config": {
        "show_title": true,
        "logo_with_title": false,
        "logo_height": "60px",
        "logo_width": "auto"
    },
    "variables": {
        "primary_color": "#77c593",
        "secondary_color": "#f7b7a3",
        "success_color": "#8fd19e",
        "danger_color": "#e57373",
        "warning_color": "#ffd966",
        "info_color": "#80c7e0",
        "bg_primary": "#ffffff",
        "bg_secondary": "#fdf6f0",
        "bg_tertiary": "#f0f8f5",
        "text_primary": "#3d3d3d",
        "text_secondary": "#7d7d7d",
        "dark_bg_primary": "#2e3b2e",
        "dark_bg_secondary": "#1f2a1f",
        "dark_text_primary": "#e8f5e9",
        "dark_text_secondary": "#c8e6c9"
    },
    "form_config": {
        "form_id": "default_theme_config",
        "form_title": "form_config.form_title",
        "submit_text": "form_config.submit_text",
        "fields": {
            "enable_custom_css": {
                "type": "checkbox",
                "label": "form_config.fields.enable_custom_css.label",
                "description": "form_config.fields.enable_custom_css.description",
                "default": false,
                "category": "apparence"
            },
            "custom_css": {
                "type": "textarea",
                "label": "form_config.fields.custom_css.label",
                "description": "form_config.fields.custom_css.description",
                "default": "",
                "category": "apparence",
                "depends_on": "enable_custom_css",
                "depends_on_value": true
            },
            "show_breadcrumbs": {
                "type": "checkbox",
                "label": "form_config.fields.show_breadcrumbs.label",
                "description": "form_config.fields.show_breadcrumbs.description",
                "default": true,
                "category": "navigation"
            },
            "posts_per_page": {
                "type": "number",
                "label": "form_config.fields.posts_per_page.label",
                "description": "form_config.fields.posts_per_page.description",
                "default": 20,
                "min": 5,
                "max": 100,
                "step": 5,
                "category": "affichage"
            }
        }
    }
}